{
  "durations": {
    "z:/media/kdsn/star trek ds9 s01e11 - the nagus.avi": {
      "duration_sec": 2720.845846,
      "mtime_ns": 1701294002868218600,
      "size": 367490162
    },
    "z:/media/kdsn/star trek ds9 s01e16 - if wishes were horses.avi": {
      "duration_sec": 2730.980981,
      "mtime_ns": 1701296540351000800,
      "size": 367324466
    },
    "z:/media/kdsn/star trek ds9 s02e01 - the homecoming.avi": {
      "duration_sec": 2730.313647,
      "mtime_ns": 1701296584533670100,
      "size": 367423600
    },
    "z:/media/kdsn/star trek ds9 s02e10 - sanctuary.avi": {
      "duration_sec": 2731.606607,
      "mtime_ns": 1701293260506301300,
      "size": 367225292
    },
    "z:/media/kdsn/star trek ds9 s02e13 - armageddon game.avi": {
      "duration_sec": 2729.854855,
      "mtime_ns": 1701296020050429300,
      "size": 367432690
    },
    "z:/media/kdsn/star trek ds9 s02e16 - shadowplay.avi": {
      "duration_sec": 2730.939273,
      "mtime_ns": 1701295716624706700,
      "size": 367435386
    },
    "z:/media/kdsn/star trek ds9 s02e26 - the jem hadar.avi": {
      "duration_sec": 2729.854855,
      "mtime_ns": 1701296535862393700,
      "size": 367426902
    },
    "z:/media/kdsn/star trek ds9 s03e10 - fascination.avi": {
      "duration_sec": 2728.061395,
      "mtime_ns": 1701293230075531800,
      "size": 367544628
    },
    "z:/media/kdsn/star trek ds9 s03e14 - heart of stone.avi": {
      "duration_sec": 2729.688021,
      "mtime_ns": 1701296586270916900,
      "size": 367424596
    },
    "z:/media/kdsn/star trek ds9 s03e21 - the die is cast.avi": {
      "duration_sec": 2730.271939,
      "mtime_ns": 1701296533336930300,
      "size": 367125460
    },
    "z:/media/kdsn/star trek ds9 s03e25 - facets.avi": {
      "duration_sec": 2729.396063,
      "mtime_ns": 1701296534807739600,
      "size": 367638658
    },
    "z:/media/kdsn/star trek ds9 s03e26 - the adversary.avi": {
      "duration_sec": 2728.228228,
      "mtime_ns": 1701296585141827200,
      "size": 367429364
    },
    "z:/media/kdsn/star trek ds9 s04e06 - rejoined.avi": {
      "duration_sec": 2727.602603,
      "mtime_ns": 1701296540293637000,
      "size": 367424078
    },
    "z:/media/kdsn/star trek ds9 s04e17 - accession.avi": {
      "duration_sec": 2723.890557,
      "mtime_ns": 1701296585969816500,
      "size": 364080496
    },
    "z:/media/kdsn/star trek ds9 s04e20 - shattered mirror.avi": {
      "duration_sec": 2728.43677,
      "mtime_ns": 1701296581532559800,
      "size": 367218752
    },
    "z:/media/kdsn/star trek ds9 s04e26 - broken link.avi": {
      "duration_sec": 2724.84985,
      "mtime_ns": 1701296527704345900,
      "size": 367932756
    },
    "z:/media/kdsn/star trek ds9 s05e10 - rapture.avi": {
      "duration_sec": 2727.894561,
      "mtime_ns": 1701296589990611900,
      "size": 362245132
    },
    "z:/media/kdsn/star trek ds9 s05e11 - the darkness and the light.avi": {
      "duration_sec": 2727.686019,
      "mtime_ns": 1701296591174736900,
      "size": 361912690
    },
    "z:/media/kdsn/star trek ds9 s05e18 - business as usual.avi": {
      "duration_sec": 2727.894561,
      "mtime_ns": 1701296582486021800,
      "size": 364500300
    },
    "z:/media/kdsn/star trek ds9 s05e19 - ties of blood and water.avi": {
      "duration_sec": 2727.894561,
      "mtime_ns": 1701296556016612700,
      "size": 346403416
    },
    "z:/media/kdsn/star trek ds9 s06e05 - favor the bold.avi": {
      "duration_sec": 2716.88355,
      "mtime_ns": 1701289692748176100,
      "size": 367080512
    },
    "z:/media/kdsn/star trek ds9 s06e07 - you are cordially invited.avi": {
      "duration_sec": 2716.88355,
      "mtime_ns": 1701289398859432500,
      "size": 367078692
    },
    "z:/media/kdsn/star trek ds9 s06e09 - statistical probabilities.avi": {
      "duration_sec": 2716.88355,
      "mtime_ns": 1701289386447716900,
      "size": 367100520
    },
    "z:/media/kdsn/star trek ds9 s06e12 - who mourns for morn.avi": {
      "duration_sec": 2714.881548,
      "mtime_ns": 1701289380572776800,
      "size": 367101730
    },
    "z:/media/kdsn/star trek ds9 s06e14 - one little ship.avi": {
      "duration_sec": 2717.884551,
      "mtime_ns": 1701289661378903300,
      "size": 367065598
    },
    "z:/media/kdsn/star trek ds9 s06e23 - profit and lace.avi": {
      "duration_sec": 2715.298632,
      "mtime_ns": 1701289388677047700,
      "size": 367095106
    },
    "z:/media/kdsn/star trek ds9 s06e26 - tears of the prophets.avi": {
      "duration_sec": 2715.882549,
      "mtime_ns": 1701289679288994700,
      "size": 367096918
    },
    "z:/media/kdsn/star trek ds9 s07e07 - once more unto the breach.avi": {
      "duration_sec": 2709.125792,
      "mtime_ns": 1701285186480112600,
      "size": 362207810
    },
    "z:/media/kdsn/star trek ds9 s07e14 - chimera.avi": {
      "duration_sec": 2706.039373,
      "mtime_ns": 1701285208608113100,
      "size": 357702106
    },
    "z:/media/kdsn/star trek ds9 s07e17 - penumbra.avi": {
      "duration_sec": 2705.872539,
      "mtime_ns": 1701285208223815900,
      "size": 362347708
    },
    "z:/media/kdsn/star trek ds9 s07e21 - when it rains.avi": {
      "duration_sec": 2703.870537,
      "mtime_ns": 1701285191920011600,
      "size": 359862042
    },
    "z:/media/kdsn/star trek ds9 s07e24 - the dogs of war.avi": {
      "duration_sec": 2707.874541,
      "mtime_ns": 1701285201374514000,
      "size": 362389788
    },
    "z:/media/kvoy/star.trek.voyager.s01e01.caretaker.mkv": {
      "duration_sec": 5516.586,
      "mtime_ns": 1701292757070387800,
      "size": 478263769
    },
    "z:/media/kvoy/star.trek.voyager.s01e03.time.and.again.mkv": {
      "duration_sec": 2753.599,
      "mtime_ns": 1701292039914726500,
      "size": 226818306
    },
    "z:/media/kvoy/star.trek.voyager.s01e05.the.cloud.mkv": {
      "duration_sec": 2752.554,
      "mtime_ns": 1701292151529390300,
      "size": 201089750
    },
    "z:/media/kvoy/star.trek.voyager.s01e06.eye.of.the.needle.mkv": {
      "duration_sec": 2759.039,
      "mtime_ns": 1701292229829907500,
      "size": 177941764
    },
    "z:/media/kvoy/star.trek.voyager.s01e07.ex.post.facto.mkv": {
      "duration_sec": 2758.058,
      "mtime_ns": 1701292550327087800,
      "size": 204658304
    },
    "z:/media/kvoy/star.trek.voyager.s02e03.projections.mkv": {
      "duration_sec": 2748.095,
      "mtime_ns": 1701291759951592500,
      "size": 184684484
    },
    "z:/media/kvoy/star.trek.voyager.s02e06.twisted.mkv": {
      "duration_sec": 2747.05,
      "mtime_ns": 1701292068706718000,
      "size": 184620063
    },
    "z:/media/kvoy/star.trek.voyager.s02e08.persistence.of.vision.mkv": {
      "duration_sec": 2754.538,
      "mtime_ns": 1701292052827414200,
      "size": 204563343
    },
    "z:/media/kvoy/star.trek.voyager.s02e10.cold.fire.mkv": {
      "duration_sec": 2755.05,
      "mtime_ns": 1701292551881629300,
      "size": 213616218
    },
    "z:/media/kvoy/star.trek.voyager.s02e12.resistance.mkv": {
      "duration_sec": 2753.194,
      "mtime_ns": 1701292771140004500,
      "size": 211205154
    },
    "z:/media/kvoy/star.trek.voyager.s02e22.innocence.mkv": {
      "duration_sec": 2755.05,
      "mtime_ns": 1701292682246328900,
      "size": 190539921
    },
    "z:/media/kvoy/star.trek.voyager.s02e25.resolutions.mkv": {
      "duration_sec": 2755.05,
      "mtime_ns": 1701292662766774700,
      "size": 214124967
    },
    "z:/media/kvoy/star.trek.voyager.s03e07.sacred.ground.mkv": {
      "duration_sec": 2755.37,
      "mtime_ns": 1701292611568433100,
      "size": 179650757
    },
    "z:/media/kvoy/star.trek.voyager.s03e15.coda.mkv": {
      "duration_sec": 2755.007,
      "mtime_ns": 1701292684497970900,
      "size": 190493003
    },
    "z:/media/kvoy/star.trek.voyager.s03e21.before.and.after.mkv": {
      "duration_sec": 2756.671,
      "mtime_ns": 1701292796045415800,
      "size": 237563546
    },